{"cameraMode":{"drawMode":0,"name":"Shaded","section":"Shading Mode"},"sceneLighting":true,"audioPlay":false,"sceneViewState":{"showFog":true,"showMaterialUpdate":true,"showSkybox":true,"showFlares":true,"showImageEffects":true,"showParticleSystems":true},"in2DMode":false,"pivot":{"x":-27.270294189453126,"y":0.8068297505378723,"z":17.462661743164064},"rotation":{"x":-0.022433290258049966,"y":0.8346622586250305,"z":-0.03408964350819588,"w":-0.549248218536377},"size":20.619245529174806,"orthographic":false}