{"cameraMode":{"drawMode":0,"name":"Shaded","section":"Shading Mode"},"sceneLighting":true,"audioPlay":false,"sceneViewState":{"showFog":true,"showMaterialUpdate":false,"showSkybox":true,"showFlares":true,"showImageEffects":true,"showParticleSystems":true},"in2DMode":false,"pivot":{"x":14.493125915527344,"y":-6.117974281311035,"z":17.911447525024415},"rotation":{"x":-0.2749359905719757,"y":0.07116053253412247,"z":-0.02040928043425083,"w":-0.9586088061332703},"size":23.15774154663086,"orthographic":false}